{"cameraMode":{"drawMode":0,"name":"Shaded","section":"Shading Mode"},"sceneLighting":true,"audioPlay":false,"sceneViewState":{"m_AlwaysRefresh":false,"showFog":true,"showSkybox":true,"showFlares":true,"showImageEffects":true,"showParticleSystems":true,"showVisualEffectGraphs":true,"m_FxEnabled":true},"in2DMode":false,"pivot":{"x":-13.492835998535157,"y":-0.2030496895313263,"z":13.348016738891602},"rotation":{"x":-0.16565817594528199,"y":0.06710134446620941,"z":-0.01132282242178917,"w":-0.9838791489601135},"size":2.113677501678467,"orthographic":false}