{"cameraMode":{"drawMode":0,"name":"Shaded","section":"Shading Mode"},"sceneLighting":true,"audioPlay":false,"sceneViewState":{"m_AlwaysRefresh":false,"showFog":true,"showSkybox":true,"showFlares":true,"showImageEffects":true,"showParticleSystems":true,"showVisualEffectGraphs":true,"m_FxEnabled":true},"in2DMode":false,"pivot":{"x":-2.082242965698242,"y":1.0157328844070435,"z":0.02030487358570099},"rotation":{"x":-0.260538250207901,"y":0.12326058000326157,"z":-0.03355805203318596,"w":-0.9569745659828186},"size":1.7417103052139283,"orthographic":false}